ID|fold
p00_orig|0
p00_mut|0
p01_orig|0
p01_mut|0
p02_orig|0
p02_mut|0
p03_orig|0
p03_mut|0
p04_orig|0
p04_mut|0
p05_orig|0
p05_mut|0
p06_orig|0
p06_mut|0
p07_orig|0
p07_mut|0
p08_orig|0
p08_mut|0
p09_orig|0
p09_mut|0
p10_orig|0
p10_mut|0
p11_orig|0
p11_mut|0
p12_orig|0
p12_mut|0
p13_orig|0
p13_mut|0
p14_orig|0
p14_mut|0
p15_orig|0
p15_mut|0
p16_orig|0
p16_mut|0
p17_orig|0
p17_mut|0
p18_orig|0
p18_mut|0
p19_orig|0
p19_mut|0
p20_orig|0
p20_mut|0
p21_orig|0
p21_mut|0
p22_orig|0
p22_mut|0
p23_orig|0
p23_mut|0
p24_orig|0
p24_mut|0
p25_orig|0
p25_mut|0
p26_orig|0
p26_mut|0
p27_orig|0
p27_mut|0
p28_orig|0
p28_mut|0
p29_orig|0
p29_mut|0
p30_orig|0
p30_mut|0
p31_orig|0
p31_mut|0
p32_orig|0
p32_mut|0
p33_orig|0
p33_mut|0
p34_orig|0
p34_mut|0
p35_orig|0
p35_mut|0
p36_orig|zsv
p36_mut|zsv
p37_orig|zsv
p37_mut|zsv
p38_orig|zsv
p38_mut|zsv
p39_orig|zsv
p39_mut|zsv
