ID|train_test|fold
p00_orig|train|0
p00_mut|val|0
p01_orig|val|0
p01_mut|test|0
p02_orig|train|0
p02_mut|val|0
p03_orig|train|0
p03_mut|train|0
p04_orig|train|0
p04_mut|train|0
p05_orig|train|0
p05_mut|val|0
p06_orig|train|0
p06_mut|test|0
p07_orig|test|0
p07_mut|train|0
p08_orig|train|0
p08_mut|test|0
p09_orig|train|0
p09_mut|train|0
p10_orig|train|0
p10_mut|train|0
p11_orig|train|0
p11_mut|train|0
p12_orig|train|0
p12_mut|train|0
p13_orig|train|0
p13_mut|train|0
p14_orig|test|0
p14_mut|train|0
p15_orig|train|0
p15_mut|test|0
p16_orig|train|0
p16_mut|train|0
p17_orig|train|0
p17_mut|test|0
p18_orig|train|0
p18_mut|train|0
p19_orig|train|0
p19_mut|train|0
p20_orig|train|0
p20_mut|train|0
p21_orig|train|0
p21_mut|train|0
p22_orig|train|0
p22_mut|train|0
p23_orig|train|0
p23_mut|train|0
p24_orig|train|0
p24_mut|train|0
p25_orig|train|0
p25_mut|train|0
p26_orig|train|0
p26_mut|train|0
p27_orig|val|0
p27_mut|train|0
p28_orig|train|0
p28_mut|train|0
p29_orig|train|0
p29_mut|train|0
p30_orig|train|0
p30_mut|train|0
p31_orig|train|0
p31_mut|train|0
p32_orig|train|0
p32_mut|val|0
p33_orig|train|0
p33_mut|train|0
p34_orig|train|0
p34_mut|train|0
p35_orig|train|0
p35_mut|train|0
p36_orig|zsv|zsv
p36_mut|zsv|zsv
p37_orig|zsv|zsv
p37_mut|zsv|zsv
p38_orig|zsv|zsv
p38_mut|zsv|zsv
p39_orig|zsv|zsv
p39_mut|zsv|zsv
